ID,labels
1,23
2,26
3,3
4,6
5,23
6,22
7,26
8,15
9,15
10,22
11,8
12,27
13,15
14,26
15,19
16,22
17,25
18,9
19,20
20,3
21,6
22,18
23,30
24,29
25,23
26,30
27,30
28,16
29,11
30,28
31,19
32,26
33,9
34,17
35,28
36,10
37,2
38,10
39,30
40,15
41,23
42,4
43,25
44,20
45,27
46,18
47,10
48,18
49,14
50,20
51,26
52,9
53,29
54,29
55,27
56,16
57,30
58,29
59,16
60,21
61,4
62,21
63,30
64,7
65,25
66,26
67,6
68,22
69,24
70,5
71,19
72,20
73,14
74,25
75,21
76,5
77,23
78,20
79,28
80,30
81,20
82,20
83,22
84,28
85,15
86,26
87,10
88,28
89,9
90,18
91,19
92,15
93,12
94,24
95,13
96,24
97,28
98,14
99,16
100,16
101,10
102,29
103,14
104,1
105,22
106,2
107,22
108,12
109,12
110,14
111,30
112,28
113,23
114,26
115,20
116,3
117,20
118,3
119,6
120,18
121,8
122,1
123,22
124,25
125,21
126,21
127,28
128,22
129,17
130,6
131,8
132,15
133,20
134,30
135,8
136,22
137,6
138,9
139,27
140,23
141,24
142,8
143,6
144,2
145,12
146,29
147,12
148,15
149,25
150,19
151,25
152,2
153,11
154,19
155,15
156,14
157,15
158,5
159,15
160,29
161,9
162,18
163,27
164,11
165,19
166,28
167,14
168,27
169,9
170,15
171,22
172,27
173,27
174,27
175,13
176,9
177,5
178,3
179,9
180,7
181,1
182,10
183,22
184,14
185,16
186,3
187,15
188,15
189,5
190,23
191,27
192,6
193,20
194,18
195,6
196,26
197,18
198,26
199,12
200,28
201,22
202,15
203,27
204,24
205,15
206,6
207,7
208,30
209,27
210,7
211,7
212,17
213,10
214,17
215,20
216,12
217,25
218,18
219,16
220,6
221,14
222,16
223,9
224,29
225,27
226,22
227,5
228,5
229,6
230,1
231,19
232,20
233,15
234,28
235,21
236,21
237,9
238,30
239,24
240,7
241,28
242,25
243,9
244,26
245,22
246,26
247,7
248,5
249,22
250,13
251,28
252,30
253,14
254,24
255,29
256,14
257,23
258,7
259,9
260,21
261,17
262,30
263,24
264,9
265,6
266,9
267,13
268,30
269,26
270,1
271,24
272,15
273,26
274,11
275,21
276,24
277,2
278,13
279,11
280,9
281,8
282,22
283,29
284,21
285,9
286,12
287,13
288,8
289,30
290,26
291,19
292,16
293,22
294,6
295,30
296,14
297,19
298,5
299,2
300,6
301,10
302,13
303,24
304,2
305,14
306,18
307,9
308,22
309,14
310,3
311,5
312,22
313,27
314,17
315,20
316,3
317,5
318,18
319,30
320,23
321,27
322,29
323,23
324,23
325,16
326,28
327,18
328,27
329,28
330,20
331,22
332,29
333,23
334,24
335,16
336,25
337,14
338,21
339,14
340,22
341,20
342,19
343,5
344,26
345,30
346,21
347,12
348,27
349,10
350,22
351,7
352,22
353,11
354,7
355,17
356,10
357,13
358,27
359,24
360,9
361,23
362,1
363,20
364,2
365,9
366,8
367,15
368,9
369,29
370,16
371,25
372,7
373,5
374,13
375,10
376,13
377,18
378,11
379,29
380,26
381,4
382,29
383,5
384,4
385,5
386,10
387,22
388,27
389,7
390,13
391,18
392,27
393,22
394,3
395,23
396,28
397,22
398,16
399,26
400,8
401,14
402,1
403,3
404,30
405,14
406,6
407,22
408,18
409,3
410,29
411,5
412,9
413,26
414,2
415,9
416,11
417,18
418,23
419,9
420,5
421,14
422,6
423,20
424,18
425,15
426,11
427,15
428,14
429,19
430,24
431,28
432,22
433,17
434,16
435,27
436,9
437,27
438,15
439,12
440,29
441,9
442,25
443,8
444,16
445,23
446,21
447,30
448,1
449,7
450,4
451,18
452,27
453,21
454,3
455,17
456,12
457,23
458,27
459,20
460,28
461,13
462,10
463,5
464,17
465,19
466,15
467,3
468,29
469,24
470,26
471,23
472,13
473,25
474,24
475,20
476,10
477,29
478,13
479,29
480,14
481,8
482,2
483,18
484,2
485,6
486,2
487,18
488,11
489,27
490,6
491,12
492,12
493,1
494,22
495,8
496,8
497,27
498,4
499,4
500,5
501,14
502,29
503,16
504,27
505,20
506,7
507,11
508,22
509,7
510,14
511,17
512,26
513,26
514,9
515,2
516,29
517,27
518,23
519,26
520,6
521,22
522,27
523,26
524,6
525,10
526,19
527,7
528,7
529,17
530,12
531,7
532,18
533,30
534,2
535,4
536,18
537,27
538,7
539,20
540,17
541,17
542,3
543,28
544,9
545,9
546,23
547,30
548,25
549,6
550,12
551,24
552,15
553,22
554,22
555,18
556,16
557,11
558,10
559,18
560,13
561,24
562,9
563,27
564,4
565,12
566,25
567,27
568,14
569,15
570,7
571,10
572,14
573,6
574,18
575,5
576,4
577,8
578,1
579,6
580,22
581,4
582,30
583,26
584,9
585,28
586,27
587,5
588,16
589,14
590,30
591,22
592,15
593,30
594,9
595,5
596,27
597,18
598,12
599,22
600,13
601,25
602,22
603,7
604,6
605,7
606,19
607,22
608,16
609,8
610,2
611,14
612,3
613,12
614,6
615,18
616,15
617,2
618,7
619,16
620,11
621,16
622,20
623,6
624,25
625,5
626,27
627,20
628,17
629,22
630,26
631,9
632,8
633,30
634,21
635,15
636,19
637,11
638,30
639,17
640,6
641,7
642,9
643,20
644,6
645,5
646,22
647,14
648,10
649,26
650,23
651,25
652,4
653,1
654,22
655,8
656,24
657,26
658,30
659,19
660,24
661,21
662,19
663,24
664,6
665,1
666,9
667,5
668,15
669,30
670,9
671,5
672,1
673,11
674,26
675,5
676,3
677,26
678,22
679,21
680,9
681,5
682,18
683,19
684,22
685,19
686,19
687,29
688,21
689,11
690,22
691,16
692,10
693,6
694,14
695,14
696,25
697,5
698,7
699,27
700,23
701,17
702,6
703,7
704,16
705,23
706,5
707,25
708,23
709,26
710,18
711,10
712,14
713,5
714,10
715,1
716,23
717,2
718,13
719,15
720,25
721,3
722,22
723,5
724,16
725,14
726,8
727,7
728,22
729,8
730,29
731,9
732,23
733,5
734,30
735,22
736,5
737,1
738,12
739,6
740,22
741,28
742,23
743,23
744,9
745,27
746,1
747,2
748,10
749,28
750,19
751,7
752,11
753,20
754,7
755,26
756,25
757,18
758,20
759,6
760,27
761,7
762,19
763,6
764,10
765,3
766,1
767,4
768,28
769,30
770,19
771,18
772,20
773,30
774,12
775,16
776,5
777,13
778,18
779,30
780,19
781,12
782,26
783,29
784,9
785,29
786,12
787,19
788,2
789,1
790,25
791,14
792,23
793,12
794,4
795,6
796,25
797,26
798,9
799,4
800,18
801,27
802,30
803,16
804,14
805,15
806,20
807,16
808,27
809,10
810,18
811,19
812,15
813,17
814,15
815,4
816,13
817,6
818,30
819,14
820,2
821,18
822,24
823,22
824,6
825,24
826,19
827,13
828,8
829,14
830,30
831,4
832,9
833,13
834,12
835,25
836,5
837,29
838,14
839,22
840,14
841,4
842,26
843,22
844,4
845,5
846,1
847,16
848,27
849,1
850,21
851,14
852,21
853,18
854,24
855,17
856,18
857,8
858,23
859,6
860,11
861,20
862,5
863,28
864,20
865,5
866,27
867,23
868,26
869,10
870,19
871,29
872,5
873,22
874,18
875,28
876,14
877,21
878,17
879,18
880,12
881,19
882,20
883,29
884,23
885,10
886,14
887,30
888,14
889,13
890,8
891,23
892,12
893,1
894,13
895,26
896,9
897,15
898,18
899,13
900,18
901,20
902,5
903,27
904,29
905,3
906,28
907,16
908,10
909,9
910,2
911,2
912,7
913,7
914,4
915,6
916,23
917,18
918,5
919,9
920,14
921,13
922,30
923,29
924,14
925,12
926,26
927,12
928,27
929,27
930,30
931,18
932,13
933,9
934,1
935,19
936,23
937,13
938,7
939,15
940,27
941,27
942,29
943,26
944,6
945,7
946,30
947,27
948,8
949,1
950,19
951,11
952,3
953,18
954,27
955,9
956,20
957,28
958,19
959,7
960,5
961,8
962,5
963,8
964,22
965,6
966,18
967,27
968,19
969,15
970,27
971,6
972,28
973,9
974,28
975,9
976,22
977,22
978,8
979,21
980,11
981,29
982,16
983,8
984,20
985,4
986,4
987,4
988,21
989,14
990,23
991,24
992,25
993,27
994,7
995,20
996,30
997,13
998,16
999,13
1000,8
1001,12
1002,13
1003,2
1004,7
1005,2
1006,29
1007,25
1008,16
1009,16
1010,7
1011,25
1012,9
1013,19
1014,12
1015,6
1016,4
1017,23
1018,25
1019,30
1020,7
1021,23
1022,25
1023,20
1024,27
1025,13
1026,21
1027,14
1028,21
1029,21
1030,27
1031,4
1032,14
1033,1
1034,11
1035,8
1036,25
1037,23
1038,8
1039,26
1040,6
1041,4
1042,18
1043,22
1044,15
1045,23
1046,9
1047,14
1048,18
1049,9
1050,6
1051,29
1052,27
1053,8
1054,27
1055,19
1056,27
1057,27
1058,9
1059,15
1060,8
1061,20
1062,22
1063,6
1064,10
1065,20
1066,20
1067,30
1068,2
1069,18
1070,13
1071,2
1072,24
1073,13
1074,29
1075,8
1076,29
1077,14
1078,3
1079,23
1080,21
1081,24
1082,9
1083,23
1084,27
1085,5
1086,27
1087,19
1088,10
1089,9
1090,14
1091,10
1092,14
1093,2
1094,21
1095,9
1096,26
1097,17
1098,11
1099,9
1100,21
1101,21
1102,7
1103,16
1104,9
1105,30
1106,10
1107,25
1108,19
1109,16
1110,28
1111,5
1112,10
1113,21
1114,21
1115,11
1116,21
1117,22
1118,25
1119,22
1120,18
1121,29
1122,13
1123,2
1124,24
1125,11
1126,6
1127,12
1128,10
1129,11
1130,2
1131,23
1132,30
1133,18
1134,18
1135,10
1136,15
1137,19
1138,19
1139,30
1140,8
1141,8
1142,8
1143,16
1144,9
1145,28
1146,23
1147,30
1148,21
1149,13
1150,15
1151,30
1152,11
1153,30
1154,27
1155,21
1156,10
1157,9
1158,14
1159,14
1160,1
1161,9
1162,20
1163,5
1164,24
1165,7
1166,14
1167,2
1168,7
1169,18
1170,28
1171,9
1172,23
1173,27
1174,1
1175,24
1176,24
1177,21
1178,30
1179,12
1180,13
1181,17
1182,8
1183,29
1184,16
1185,16
1186,18
1187,13
1188,15
1189,19
1190,13
1191,17
1192,1
1193,25
1194,14
1195,30
1196,9
1197,5
1198,6
1199,4
1200,6
1201,30
1202,7
1203,10
1204,10
1205,28
1206,12
1207,28
1208,8
1209,14
1210,16
1211,24
1212,3
1213,22
1214,20
1215,21
1216,27
1217,20
1218,17
1219,16
1220,27
1221,5
1222,26
1223,24
1224,8
1225,23
1226,14
1227,29
1228,16
1229,10
1230,30
1231,28
1232,20
1233,15
1234,13
1235,17
1236,24
1237,3
1238,18
1239,22
1240,16
1241,29
1242,27
1243,30
1244,17
1245,14
1246,16
1247,8
1248,27
1249,25
1250,15
1251,21
1252,19
1253,27
1254,19
1255,22
1256,7
1257,10
1258,16
1259,21
1260,7
1261,27
1262,23
1263,2
1264,17
1265,5
1266,15
1267,9
1268,9
1269,14
1270,5
1271,13
1272,27
1273,26
1274,2
1275,16
1276,29
1277,9
1278,19
1279,9
1280,28
1281,21
1282,12
1283,3
1284,19
1285,2
1286,16
1287,7
1288,21
1289,1
1290,4
1291,18
1292,2
1293,29
1294,13
1295,25
1296,16
1297,13
1298,24
1299,20
1300,30
1301,5
1302,8
1303,23
1304,28
1305,4
1306,21
1307,23
1308,4
1309,22
1310,26
1311,27
1312,3
1313,28
1314,13
1315,5
1316,23
1317,21
1318,29
1319,30
1320,6
1321,30
1322,29
1323,20
1324,20
1325,5
1326,18
1327,11
1328,25
1329,9
1330,24
1331,13
1332,2
1333,21
1334,7
1335,2
1336,29
1337,24
1338,26
1339,20
1340,1
1341,12
1342,16
1343,15
1344,30
1345,27
1346,20
1347,27
1348,5
1349,9
1350,26
1351,16
1352,15
1353,27
1354,9
1355,23
1356,7
1357,16
1358,5
1359,5
1360,30
1361,14
1362,16
1363,7
1364,27
1365,13
1366,29
1367,19
1368,26
1369,24
1370,23
1371,6
1372,27
1373,27
1374,26
1375,20
1376,7
1377,2
1378,7
1379,5
1380,1
1381,29
1382,12
1383,20
1384,17
1385,6
1386,14
1387,8
1388,28
1389,20
1390,20
1391,25
1392,24
1393,2
1394,16
1395,22
1396,24
1397,30
1398,27
1399,19
1400,23
1401,30
1402,12
1403,15
1404,16
1405,29
1406,25
1407,13
1408,8
1409,23
1410,19
1411,24
1412,8
1413,22
1414,26
1415,15
1416,14
1417,8
1418,15
1419,17
1420,14
1421,28
1422,6
1423,27
1424,15
1425,28
1426,23
1427,11
1428,7
1429,8
1430,17
1431,19
1432,8
1433,3
1434,22
1435,27
1436,30
1437,21
1438,13
1439,13
1440,18
1441,10
1442,9
1443,10
1444,26
1445,15
1446,14
1447,19
1448,8
1449,30
1450,21
1451,22
1452,3
1453,26
1454,17
1455,3
1456,15
1457,17
1458,17
1459,3
1460,12
1461,19
1462,16
1463,19
1464,7
1465,7
1466,26
1467,24
1468,19
1469,13
1470,27
1471,5
1472,14
1473,24
1474,27
1475,9
1476,4
1477,29
1478,10
1479,25
1480,21
1481,12
1482,26
1483,16
1484,10
1485,23
1486,4
1487,25
1488,9
1489,18
1490,14
1491,27
1492,12
1493,16
1494,28
1495,9
1496,11
1497,25
1498,26
1499,14
1500,11
1501,12
1502,2
1503,5
1504,7
1505,24
1506,11
1507,1
1508,26
1509,5
1510,18
1511,12
1512,16
1513,24
1514,10
1515,9
1516,8
1517,25
1518,16
1519,10
1520,24
1521,2
1522,6
1523,9
1524,8
1525,29
1526,19
1527,13
1528,21
1529,18
1530,14
1531,26
1532,9
1533,21
1534,30
1535,26
1536,24
1537,8
1538,20
1539,15
1540,18
1541,24
1542,24
1543,20
1544,7
1545,12
1546,15
1547,18
1548,26
1549,19
1550,4
1551,18
1552,12
1553,3
1554,7
1555,16
1556,24
1557,2
1558,25
1559,3
1560,30
1561,21
1562,12
1563,26
1564,1
1565,20
1566,3
1567,27
1568,30
1569,16
1570,20
1571,15
1572,24
1573,27
1574,20
1575,7
1576,1
1577,22
1578,18
1579,13
1580,2
1581,5
1582,6
1583,20
1584,7
1585,27
1586,18
1587,24
1588,15
1589,6
1590,12
1591,16
1592,11
1593,13
1594,30
1595,7
1596,9
1597,21
1598,18
1599,24
1600,17
1601,22
1602,12
1603,22
1604,13
1605,20
1606,2
1607,28
1608,22
1609,30
1610,25
1611,27
1612,26
1613,29
1614,28
1615,27
1616,12
1617,12
1618,9
1619,30
1620,3
1621,18
1622,15
1623,14
1624,2
1625,23
1626,30
1627,16
1628,4
1629,14
1630,11
1631,3
1632,2
1633,9
1634,29
1635,22
1636,29
1637,28
1638,18
1639,30
1640,18
1641,5
1642,18
1643,3
1644,7
1645,11
1646,30
1647,14
1648,18
1649,26
1650,14
1651,7
1652,10
1653,16
1654,26
1655,12
1656,18
1657,5
1658,8
1659,19
1660,22
1661,3
1662,20
1663,24
1664,3
1665,30
1666,23
1667,13
1668,6
1669,13
1670,26
1671,6
1672,18
1673,28
1674,16
1675,19
1676,18
1677,9
1678,7
1679,10
1680,23
1681,9
1682,30
1683,20
1684,30
1685,6
1686,14
1687,20
1688,23
1689,20
1690,18
1691,13
1692,27
1693,22
1694,6
1695,5
1696,18
1697,13
1698,27
1699,13
1700,7
1701,25
1702,22
1703,10
1704,9
1705,1
1706,12
1707,7
1708,2
1709,23
1710,7
1711,13
1712,26
1713,9
1714,16
1715,4
1716,30
1717,10
1718,21
1719,24
1720,2
1721,28
1722,26
1723,2
1724,26
1725,21
1726,6
1727,11
1728,19
1729,24
1730,22
1731,18
1732,10
1733,17
1734,27
1735,1
1736,29
1737,1
1738,16
1739,11
1740,17
1741,28
1742,11
1743,12
1744,27
1745,9
1746,30
1747,16
1748,9
1749,12
1750,20
1751,13
1752,5
1753,9
1754,20
1755,12
1756,5
1757,13
1758,17
1759,25
1760,15
1761,26
1762,17
1763,25
1764,30
1765,11
1766,3
1767,14
1768,21
1769,22
1770,21
1771,20
1772,17
1773,9
1774,2
1775,1
1776,17
1777,9
1778,22
1779,19
1780,30
1781,13
1782,27
1783,29
1784,12
1785,11
1786,10
1787,7
1788,8
1789,27
1790,3
1791,25
1792,8
1793,5
1794,18
1795,18
1796,18
1797,4
1798,20
1799,4
1800,15
1801,19
1802,22
1803,3
1804,26
1805,7
1806,19
1807,22
1808,28
1809,29
1810,14
1811,9
1812,24
1813,7
1814,26
1815,7
1816,2
1817,14
1818,3
1819,13
1820,28
1821,7
1822,30
1823,28
1824,11
1825,14
1826,30
1827,1
1828,2
1829,21
1830,14
1831,16
1832,29
1833,27
1834,26
1835,27
1836,22
1837,14
1838,27
1839,9
1840,9
1841,20
1842,5
1843,9
1844,21
1845,5
1846,30
1847,19
1848,27
1849,15
1850,16
1851,27
1852,20
1853,11
1854,26
1855,26
1856,12
1857,2
1858,4
1859,21
1860,2
1861,27
1862,2
1863,2
1864,18
1865,7
1866,29
1867,3
1868,16
1869,5
1870,8
1871,27
1872,29
1873,2
1874,20
1875,17
1876,18
1877,21
1878,17
1879,7
1880,23
1881,19
1882,10
1883,3
1884,16
1885,20
1886,2
1887,1
1888,10
1889,6
1890,23
1891,6
1892,4
1893,13
1894,8
1895,22
1896,10
1897,23
1898,17
1899,21
1900,10
1901,1
1902,15
1903,27
1904,3
1905,8
1906,15
1907,4
1908,23
1909,16
1910,19
1911,20
1912,8
1913,22
1914,17
1915,18
1916,3
1917,16
1918,10
1919,20
1920,17
1921,27
1922,23
1923,16
1924,11
1925,20
1926,29
1927,1
1928,13
1929,2
1930,25
1931,14
1932,26
1933,27
1934,24
1935,19
1936,3
1937,5
1938,13
1939,12
1940,20
1941,17
1942,17
1943,23
1944,22
1945,11
1946,13
1947,27
1948,14
1949,25
1950,27
1951,26
1952,25
1953,29
1954,5
1955,12
1956,22
1957,23
1958,24
1959,19
1960,16
1961,27
1962,20
1963,20
1964,24
1965,23
1966,12
1967,18
1968,2
1969,29
1970,29
1971,10
1972,6
1973,12
1974,16
1975,18
1976,18
1977,7
1978,7
1979,28
1980,30
1981,6
1982,16
1983,12
1984,17
1985,24
1986,25
1987,5
1988,19
1989,5
1990,12
1991,5
1992,11
1993,30
1994,12
1995,10
1996,23
1997,6
1998,13
1999,11
2000,19
2001,3
2002,27
2003,27
2004,29
2005,9
2006,16
2007,8
2008,10
2009,18
2010,5
2011,6
2012,16
2013,25
2014,7
2015,14
2016,19
2017,14
2018,23
2019,9
2020,9
2021,15
2022,22
2023,27
2024,18
2025,12
2026,5
2027,25
2028,8
2029,13
2030,14
2031,14
2032,1
2033,22
2034,15
2035,28
2036,25
2037,3
2038,15
2039,6
2040,9
2041,10
2042,19
2043,16
2044,13
2045,19
2046,26
2047,18
2048,22
2049,14
2050,13
2051,22
2052,13
2053,5
2054,25
2055,24
2056,3
2057,27
2058,26
2059,8
2060,29
2061,29
2062,28
2063,23
2064,15
2065,11
2066,30
2067,8
2068,26
2069,12
2070,15
2071,26
2072,5
2073,28
2074,12
2075,24
2076,24
2077,27
2078,9
2079,9
2080,25
2081,6
2082,27
2083,29
2084,15
2085,8
2086,21
2087,8
2088,29
2089,9
2090,27
2091,24
2092,18
2093,12
2094,5
2095,28
2096,3
2097,27
2098,2
2099,21
2100,29
2101,29
2102,10
2103,26
2104,20
2105,23
2106,2
2107,9
2108,25
2109,7
2110,25
2111,8
2112,27
2113,30
2114,25
2115,3
2116,25
2117,13
2118,4
2119,29
2120,8
2121,19
2122,8
2123,3
2124,25
2125,20
2126,6
2127,6
2128,23
2129,25
2130,4
2131,30
2132,25
2133,18
2134,22
2135,19
2136,19
2137,9
2138,30
2139,10
2140,6
2141,6
2142,7
2143,25
2144,6
2145,16
2146,8
2147,16
2148,5
2149,12
2150,8
2151,17
2152,24
2153,27
2154,2
2155,13
2156,20
2157,17
2158,9
2159,2
2160,29
2161,27
2162,30
2163,26
2164,22
2165,29
2166,28
2167,9
2168,12
2169,8
2170,27
2171,5
2172,10
2173,28
2174,15
2175,16
2176,24
2177,10
2178,10
2179,30
2180,26
2181,17
2182,8
2183,11
2184,29
2185,26
2186,30
2187,14
2188,12
2189,26
2190,7
2191,30
2192,9
2193,27
2194,12
2195,23
2196,6
2197,12
2198,27
2199,25
2200,23
2201,15
2202,30
2203,3
2204,27
2205,5
2206,19
2207,10
2208,3
2209,12
2210,28
2211,14
2212,6
2213,13
2214,5
2215,7
2216,4
2217,14
2218,10
2219,29
2220,4
2221,18
2222,27
2223,27
2224,26
2225,15
2226,12
2227,11
2228,26
2229,12
2230,5
2231,20
2232,26
2233,5
2234,21
2235,20
2236,21
2237,3
2238,11
2239,27
2240,7
2241,21
2242,20
2243,8
2244,26
2245,30
2246,12
2247,27
2248,27
2249,14
2250,18
2251,27
2252,30
2253,17
2254,10
2255,15
2256,7
2257,29
2258,2
2259,7
2260,9
2261,3
2262,21
2263,8
2264,5
2265,30
2266,2
2267,9
2268,24
2269,24
2270,17
2271,14
2272,17
2273,22
2274,28
2275,14
2276,9
2277,30
2278,11
2279,21
2280,14
2281,9
2282,26
2283,18
2284,8
2285,15
2286,5
2287,22
2288,30
2289,28
2290,16
2291,14
2292,8
2293,27
2294,6
2295,14
2296,23
2297,12
2298,4
2299,28
2300,1
2301,12
2302,18
2303,14
2304,7
2305,23
2306,16
2307,14
2308,21
2309,23
2310,27
2311,4
2312,18
2313,11
2314,8
2315,9
2316,7
2317,3
2318,6
2319,18
2320,11
2321,13
2322,27
2323,27
2324,5
2325,19
2326,19
2327,29
2328,29
2329,13
2330,6
2331,26
2332,22
2333,1
2334,25
2335,21
2336,9
2337,9
2338,26
2339,9
2340,14
2341,18
2342,26
2343,26
2344,7
2345,7
2346,26
2347,27
2348,16
2349,19
2350,9
2351,22
2352,15
2353,24
2354,20
2355,6
2356,19
2357,30
2358,19
2359,27
2360,23
2361,20
2362,24
2363,9
2364,9
2365,30
2366,21
2367,11
2368,6
2369,27
2370,25
2371,6
2372,3
2373,11
2374,10
2375,6
2376,12
2377,21
2378,23
2379,18
2380,23
2381,13
2382,8
2383,7
2384,11
2385,5
2386,24
2387,13
2388,30
2389,4
2390,18
2391,3
2392,8
2393,6
2394,5
2395,6
2396,13
2397,12
2398,8
2399,22
2400,8
2401,16
2402,11
2403,21
2404,4
2405,3
2406,5
2407,10
2408,16
2409,4
2410,30
2411,25
2412,15
2413,14
2414,24
2415,24
2416,26
2417,25
2418,19
2419,28
2420,2
2421,9
2422,14
2423,22
2424,9
2425,13
2426,12
2427,22
2428,16
2429,11
2430,15
2431,27
2432,19
2433,12
2434,25
2435,10
2436,6
2437,16
2438,8
2439,8
2440,5
2441,27
2442,16
2443,10
2444,4
2445,29
2446,6
2447,20
2448,15
2449,28
2450,14
2451,3
2452,16
2453,13
2454,30
2455,7
2456,25
2457,13
2458,30
2459,17
2460,17
2461,13
2462,24
2463,14
2464,12
2465,14
2466,4
2467,29
2468,23
2469,26
2470,16
2471,28
2472,16
2473,27
2474,12
2475,22
2476,14
2477,30
2478,30
2479,3
2480,13
2481,6
2482,19
2483,12
2484,6
2485,26
2486,14
2487,10
2488,24
2489,12
2490,5
2491,21
2492,15
2493,29
2494,24
2495,4
2496,29
2497,30
2498,5
2499,30
2500,17
2501,15
2502,12
2503,28
2504,24
2505,20
2506,13
2507,11
2508,18
2509,24
2510,15
2511,9
2512,14
2513,10
2514,16
2515,2
2516,5
2517,26
2518,22
2519,12
2520,30
2521,16
2522,12
2523,13
2524,17
2525,23
2526,13
2527,25
2528,14
2529,27
2530,2
2531,5
2532,15
2533,5
2534,24
2535,2
2536,24
2537,13
2538,22
2539,27
2540,8
2541,5
2542,9
2543,21
2544,23
2545,15
2546,7
2547,9
2548,20
2549,3
2550,5
2551,6
2552,15
2553,15
2554,16
2555,6
2556,11
2557,26
2558,8
2559,17
2560,22
2561,15
2562,29
2563,30
2564,19
2565,7
2566,9
2567,22
2568,6
2569,14
2570,5
2571,26
2572,19
2573,20
2574,28
2575,28
2576,30
2577,4
2578,2
2579,2
2580,5
2581,16
2582,20
2583,1
2584,9
2585,21
2586,12
2587,26
2588,22
2589,20
2590,8
2591,28
2592,20
2593,29
2594,21
2595,30
2596,8
2597,15
2598,14
2599,15
2600,12
2601,2
2602,19
2603,11
2604,8
2605,4
2606,29
2607,12
2608,18
2609,29
2610,3
2611,26
2612,27
2613,6
2614,19
2615,6
2616,17
2617,15
2618,18
2619,18
2620,19
2621,27
2622,29
2623,29
2624,6
2625,23
2626,25
2627,23
2628,11
2629,3
2630,4
2631,12
2632,9
2633,25
2634,8
2635,30
2636,20
2637,25
2638,11
2639,14
2640,3
2641,6
2642,27
2643,19
2644,1
2645,8
2646,14
2647,2
2648,9
2649,16
2650,23
2651,23
2652,7
2653,17
2654,2
2655,18
2656,2
2657,10
2658,10
2659,3
2660,28
2661,23
2662,23
2663,7
2664,7
2665,8
2666,26
2667,4
2668,17
2669,13
2670,9
2671,29
2672,17
2673,6
2674,3
2675,14
2676,15
2677,8
2678,5
2679,21
2680,8
2681,17
2682,9
2683,3
2684,20
2685,14
2686,15
2687,24
2688,17
2689,11
2690,24
2691,7
2692,12
2693,12
2694,27
2695,6
2696,22
2697,12
2698,20
2699,23
2700,1
2701,27
2702,5
2703,16
2704,19
2705,22
2706,5
2707,30
2708,9
2709,5
2710,19
2711,17
2712,8
2713,9
2714,17
2715,7
2716,3
2717,8
2718,30
2719,18
2720,6
2721,29
2722,23
2723,26
2724,24
2725,14
2726,24
2727,8
2728,22
2729,4
2730,24
2731,26
2732,9
2733,22
2734,27
2735,23
2736,12
2737,17
2738,13
2739,26
2740,15
2741,22
2742,23
2743,4
2744,4
2745,4
2746,30
2747,27
2748,7
2749,9
2750,19
2751,15
2752,2
2753,28
2754,30
2755,18
2756,1
2757,25
2758,1
2759,21
2760,9
2761,5
2762,3
2763,20
2764,17
2765,12
2766,3
2767,1
2768,2
2769,13
2770,8
2771,27
2772,9
2773,24
2774,9
2775,18
2776,12
2777,7
2778,2
2779,20
2780,25
2781,19
2782,28
2783,29
2784,27
2785,27
2786,7
2787,1
2788,7
2789,25
2790,23
2791,17
2792,8
2793,14
2794,24
2795,7
2796,19
2797,20
2798,29
2799,26
2800,3
2801,30
2802,18
2803,12
2804,23
2805,18
2806,12
2807,4
2808,6
2809,28
2810,23
2811,9
2812,11
2813,28
2814,28
2815,16
2816,24
2817,13
2818,1
2819,19
2820,13
2821,19
2822,28
2823,15
2824,20
2825,2
2826,28
2827,30
2828,25
2829,29
2830,22
2831,2
2832,1
2833,19
2834,27
2835,27
2836,22
2837,16
2838,15
2839,3
2840,21
2841,27
2842,26
2843,3
2844,11
2845,10
2846,21
2847,17
2848,24
2849,9
2850,6
2851,15
2852,1
2853,16
2854,2
2855,6
2856,7
2857,25
2858,30
2859,6
2860,20
2861,24
2862,18
2863,6
2864,16
2865,9
2866,4
2867,17
2868,9
2869,27
2870,5
2871,9
2872,9
2873,7
2874,26
2875,14
2876,17
2877,28
2878,1
2879,17
2880,28
2881,11
2882,20
2883,5
2884,23
2885,7
2886,30
2887,27
2888,21
2889,16
2890,10
2891,16
2892,13
2893,6
2894,21
2895,17
2896,2
2897,10
2898,19
2899,12
2900,26
2901,17
2902,15
2903,27
2904,29
2905,6
2906,4
2907,25
2908,7
2909,20
2910,23
2911,4
2912,17
2913,23
2914,30
2915,13
2916,28
2917,19
2918,29
2919,30
2920,30
2921,2
2922,9
2923,15
2924,13
2925,7
2926,6
2927,22
2928,22
2929,24
2930,24
2931,26
2932,21
2933,12
2934,7
2935,19
2936,4
2937,21
2938,10
2939,19
2940,20
2941,19
2942,28
2943,16
2944,25
2945,24
2946,18
2947,4
2948,6
2949,4
2950,11
2951,10
2952,19
2953,13
2954,22
2955,17
2956,8
2957,26
2958,28
2959,12
2960,4
2961,25
2962,22
2963,6
2964,29
2965,4
2966,19
2967,1
2968,7
2969,23
2970,10
2971,24
2972,9
2973,18
2974,26
2975,28
2976,20
2977,4
2978,22
2979,7
2980,29
2981,14
2982,18
2983,25
2984,1
2985,24
2986,8
2987,17
2988,5
2989,24
2990,24
2991,29
2992,22
2993,6
2994,30
2995,11
2996,7
2997,8
2998,6
2999,21
3000,21
3001,19
3002,20
3003,29
3004,30
3005,16
3006,18
3007,11
3008,23
3009,18
3010,19
3011,28
3012,15
3013,16
3014,4
3015,21
3016,28
3017,3
3018,29
3019,1
3020,6
3021,25
3022,22
3023,24
3024,30
3025,28
3026,30
3027,15
3028,10
3029,15
3030,8
3031,23
3032,14
3033,18
3034,26
3035,16
3036,30
3037,7
3038,16
3039,17
3040,6
3041,4
3042,27
3043,18
3044,29
3045,10
3046,15
3047,24
3048,8
3049,5
3050,4
3051,8
3052,23
3053,21
3054,7
3055,17
3056,18
3057,19
3058,4
3059,22
3060,18
3061,5
3062,26
3063,5
3064,11
3065,23
3066,30
3067,14
3068,6
3069,30
3070,1
3071,26
3072,4
3073,2
3074,19
3075,1
3076,30
3077,7
3078,24
3079,27
3080,9
3081,15
3082,24
3083,1
3084,15
3085,28
3086,10
3087,14
3088,22
3089,8
3090,30
3091,7
3092,30
3093,13
3094,7
3095,20
3096,15
3097,12
3098,11
3099,5
3100,20
3101,18
3102,29
3103,17
3104,28
3105,8
3106,7
3107,23
3108,12
3109,21
3110,22
3111,9
3112,8
3113,16
3114,28
3115,23
3116,28
3117,24
3118,5
3119,8
3120,4
3121,16
3122,18
3123,4
3124,19
3125,18
3126,27
3127,24
3128,25
3129,30
3130,10
3131,12
3132,7
3133,11
3134,8
3135,26
3136,30
3137,25
3138,13
3139,30
3140,20
3141,2
3142,30
3143,7
3144,16
3145,16
3146,7
3147,14
3148,27
3149,17
3150,23
3151,28
3152,26
3153,15
3154,23
3155,5
3156,7
3157,25
3158,10
3159,7
3160,22
3161,4
3162,7
3163,7
3164,10
3165,16
3166,24
3167,16
3168,7
3169,9
3170,6
3171,10
3172,28
3173,12
3174,22
3175,28
3176,17
3177,20
3178,6
3179,19
3180,6
3181,27
3182,30
3183,22
3184,9
3185,12
3186,24
3187,28
3188,17
3189,23
3190,4
3191,1
3192,8
3193,22
3194,3
3195,25
3196,12
3197,18
3198,22
3199,20
3200,17
3201,15
3202,18
3203,6
3204,15
3205,21
3206,9
3207,18
3208,26
3209,5
3210,12
3211,12
3212,23
3213,2
3214,18
3215,2
3216,27
3217,20
3218,8
3219,12
3220,2
3221,22
3222,29
3223,2
3224,8
3225,20
3226,18
3227,16
3228,8
3229,13
3230,24
3231,22
3232,26
3233,18
3234,22
3235,12
3236,26
3237,29
3238,20
3239,1
3240,19
3241,1
3242,25
3243,30
3244,25
3245,17
3246,14
3247,6
3248,3
3249,24
3250,10
3251,3
3252,2
3253,4
3254,2
3255,7
3256,29
3257,9
3258,23
3259,15
3260,5
3261,8
3262,16
3263,21
3264,29
3265,8
3266,26
3267,22
3268,28
3269,14
3270,26
3271,20
3272,25
3273,27
3274,20
3275,16
3276,26
3277,5
3278,23
3279,20
3280,8
3281,29
3282,5
3283,8
3284,6
3285,28
3286,9
3287,10
3288,12
3289,9
3290,8
3291,1
3292,24
3293,19
3294,26
3295,9
3296,10
3297,29
3298,14
3299,25
3300,11
3301,13
3302,17
3303,18
3304,7
3305,28
3306,23
3307,15
3308,2
3309,2
3310,16
3311,17
3312,14
3313,26
3314,18
3315,29
3316,27
3317,1
3318,16
3319,9
3320,1
3321,6
3322,3
3323,21
3324,8
3325,23
3326,6
3327,6
3328,9
3329,21
3330,3
3331,24
3332,6
3333,7
3334,2
3335,7
3336,23
3337,23
3338,9
3339,2
3340,27
3341,25
3342,14
3343,14
3344,7
3345,18
3346,18
3347,23
3348,16
3349,1
3350,17
3351,19
3352,7
3353,30
3354,9
3355,13
3356,30
3357,7
3358,23
3359,13
3360,4
3361,19
3362,24
3363,9
3364,20
3365,30
3366,23
3367,11
3368,14
3369,19
3370,16
3371,28
3372,12
3373,22
3374,30
3375,11
3376,8
3377,22
3378,15
3379,21
3380,15
3381,8
3382,13
3383,8
3384,1
3385,27
3386,7
3387,23
3388,12
3389,26
3390,17
3391,20
3392,28
3393,24
3394,16
3395,27
3396,24
3397,6
3398,24
3399,29
3400,16
3401,11
3402,20
3403,21
3404,12
3405,17
3406,12
3407,30
3408,7
3409,3
3410,25
3411,17
3412,28
3413,8
3414,1
3415,3
3416,13
3417,22
3418,15
3419,24
3420,22
3421,21
3422,27
3423,3
3424,14
3425,7
3426,22
3427,29
3428,24
3429,14
3430,9
3431,12
3432,13
3433,20
3434,8
3435,30
3436,6
3437,29
3438,28
3439,29
3440,14
3441,24
3442,12
3443,7
3444,30
3445,23
3446,4
3447,17
3448,25
3449,14
3450,12
3451,8
3452,25
3453,17
3454,18
3455,27
3456,21
3457,26
3458,18
3459,12
3460,30
3461,19
3462,19
3463,27
3464,30
3465,17
3466,29
3467,20
3468,6
3469,21
3470,2
3471,21
3472,26
3473,30
3474,5
3475,24
3476,1
3477,29
3478,23
3479,11
3480,30
3481,15
3482,17
3483,6
3484,18
3485,27
3486,15
3487,26
3488,18
3489,19
3490,21
3491,25
3492,24
3493,20
3494,27
3495,11
3496,22
3497,10
3498,29
3499,29
3500,1
3501,30
3502,6
3503,19
3504,29
3505,15
3506,24
3507,15
3508,8
3509,6
3510,29
3511,26
3512,6
3513,29
3514,5
3515,16
3516,17
3517,3
3518,27
3519,13
3520,1
3521,29
3522,13
3523,27
3524,27
3525,17
3526,27
3527,16
3528,10
3529,11
3530,22
3531,14
3532,11
3533,27
3534,26
3535,16
3536,15
3537,4
3538,11
3539,1
3540,11
3541,5
3542,24
3543,1
3544,23
3545,28
3546,27
3547,30
3548,24
3549,1
3550,6
3551,28
3552,9
3553,9
3554,12
3555,7
3556,8
3557,17
3558,26
3559,23
3560,24
3561,18
3562,9
3563,14
3564,9
3565,7
3566,26
3567,2
3568,7
3569,28
3570,7
3571,4
3572,7
3573,30
3574,13
3575,14
3576,9
3577,17
3578,27
3579,10
3580,30
3581,19
3582,4
3583,17
3584,26
3585,9
3586,16
3587,30
3588,3
3589,25
3590,16
3591,8
3592,18
3593,12
3594,9
3595,6
3596,12
3597,23
3598,30
3599,6
3600,29
3601,24
3602,18
3603,22
3604,27
3605,12
3606,29
3607,29
3608,27
3609,29
3610,24
3611,21
3612,15
3613,22
3614,29
3615,24
3616,21
3617,17
3618,30
3619,9
3620,20
3621,25
3622,23
3623,17
3624,21
3625,29
3626,17
3627,30
3628,17
3629,16
3630,19
3631,21
3632,14
3633,28
3634,3
3635,8
3636,3
3637,17
3638,14
3639,28
3640,20
3641,29
3642,14
3643,28
3644,12
3645,26
3646,13
3647,9
3648,29
3649,29
3650,19
3651,15
3652,13
3653,1
3654,22
3655,1
3656,29
3657,29
3658,15
3659,28
3660,13
3661,6
3662,6
3663,12
3664,16
3665,8
3666,14
3667,1
3668,6
3669,1
3670,12
3671,5
3672,3
3673,10
3674,24
3675,6
3676,26
3677,18
3678,3
3679,16
3680,8
3681,22
3682,30
3683,30
3684,7
3685,7
3686,15
3687,6
3688,7
3689,1
3690,30
3691,23
3692,18
3693,23
3694,4
3695,14
3696,30
3697,5
3698,26
3699,14
3700,16
3701,30
3702,11
3703,16
3704,5
3705,4
3706,13
3707,8
3708,5
3709,29
3710,23
3711,7
3712,7
3713,1
3714,8
3715,8
3716,17
3717,28
3718,13
3719,4
3720,6
3721,2
3722,13
3723,26
3724,24
3725,1
3726,28
3727,23
3728,25
3729,15
3730,15
3731,18
3732,15
3733,6
3734,2
3735,18
3736,25
3737,30
3738,13
3739,13
3740,20
3741,10
3742,29
3743,5
3744,4
3745,6
3746,21
3747,27
3748,27
3749,12
3750,24
3751,19
3752,26
3753,21
3754,21
3755,23
3756,15
3757,21
3758,18
3759,16
3760,29
3761,10
3762,30
3763,1
3764,4
3765,26
3766,14
3767,5
3768,25
3769,20
3770,24
3771,20
3772,5
3773,14
3774,13
3775,2
3776,22
3777,28
3778,7
3779,1
3780,9
3781,18
3782,13
3783,26
3784,12
3785,22
3786,27
3787,22
3788,11
3789,14
3790,16
3791,30
3792,3
3793,29
3794,25
3795,16
3796,15
3797,23
3798,22
3799,8
3800,19
3801,5
3802,15
3803,25
3804,23
3805,11
3806,9
3807,29
3808,24
3809,7
3810,7
3811,17
3812,28
3813,22
3814,2
3815,17
3816,4
3817,17
3818,22
3819,29
3820,11
3821,1
3822,1
3823,22
3824,8
3825,16
3826,6
3827,21
3828,12
3829,29
3830,27
3831,1
3832,5
3833,8
3834,28
3835,17
3836,11
3837,26
3838,13
3839,1
3840,18
3841,26
3842,6
3843,24
3844,19
3845,23
3846,18
3847,3
3848,24
3849,30
3850,20
3851,6
3852,14
3853,17
3854,20
3855,19
3856,27
3857,27
3858,27
3859,13
3860,19
3861,29
3862,3
3863,24
3864,11
3865,22
3866,6
3867,30
3868,6
3869,30
3870,30
3871,27
3872,5
3873,13
3874,14
3875,15
3876,5
3877,22
3878,5
3879,9
3880,29
3881,2
3882,8
3883,7
3884,23
3885,27
3886,7
3887,21
3888,20
3889,13
3890,23
3891,2
3892,6
3893,12
3894,11
3895,16
3896,13
3897,28
3898,27
3899,21
3900,15
3901,8
3902,8
3903,20
3904,23
3905,22
3906,14
3907,1
3908,16
3909,27
3910,3
3911,16
3912,24
3913,29
3914,29
3915,25
3916,8
3917,1
3918,7
3919,13
3920,6
3921,5
3922,23
3923,24
3924,3
3925,9
3926,7
3927,3
3928,13
3929,30
3930,14
3931,16
3932,4
3933,15
3934,21
3935,26
3936,19
3937,28
3938,12
3939,8
3940,19
3941,12
3942,7
3943,16
3944,3
3945,24
3946,11
3947,29
3948,29
3949,8
3950,15
3951,21
3952,17
3953,30
3954,10
3955,8
3956,12
3957,15
3958,22
3959,3
3960,5
3961,19
3962,26
3963,18
3964,9
3965,3
3966,5
3967,24
3968,14
3969,16
3970,4
3971,12
3972,26
3973,2
3974,17
3975,20
3976,24
3977,13
3978,18
3979,1
3980,22
3981,30
3982,26
3983,6
3984,28
3985,20
3986,2
3987,27
3988,10
3989,29
3990,7
3991,12
3992,22
3993,26
3994,10
3995,17
3996,13
3997,20
3998,20
3999,7
4000,11
4001,10
4002,19
4003,14
4004,8
4005,15
4006,16
4007,18
4008,30
4009,11
4010,11
4011,25
4012,8
4013,7
4014,27
4015,11
4016,9
4017,19
4018,7
4019,16
4020,2
4021,12
4022,13
4023,24
4024,27
4025,20
4026,7
4027,4
4028,30
4029,28
4030,7
4031,19
4032,26
4033,26
4034,28
4035,12
4036,9
4037,15
4038,6
4039,12
4040,27
4041,7
4042,5
4043,18
4044,13
4045,9
4046,20
4047,28
4048,12
4049,1
4050,8
4051,3
4052,8
4053,9
4054,29
4055,30
4056,26
4057,30
4058,26
4059,13
4060,12
4061,9
4062,23
4063,8
4064,6
4065,27
4066,26
4067,25
4068,12
4069,13
4070,18
4071,13
4072,26
4073,4
4074,6
4075,7
4076,23
4077,30
4078,24
4079,8
4080,26
4081,27
4082,22
4083,18
4084,23
4085,17
4086,9
4087,6
4088,15
4089,25
4090,18
4091,7
4092,22
4093,6
4094,24
4095,27
4096,30
4097,19
4098,7
4099,24
4100,29
4101,9
4102,20
4103,20
4104,14
4105,24
4106,14
4107,29
4108,23
4109,20
4110,23
4111,27
4112,12
4113,10
4114,11
4115,10
4116,13
4117,24
4118,15
4119,18
4120,29
4121,7
4122,10
4123,22
4124,22
4125,24
4126,30
4127,12
4128,27
4129,1
4130,2
4131,27
4132,8
4133,13
4134,4
4135,29
4136,13
4137,20
4138,25
4139,5
4140,17
4141,30
4142,6
4143,16
4144,15
4145,21
4146,3
4147,14
4148,18
4149,3
4150,4
4151,3
4152,12
4153,25
4154,29
4155,19
4156,19
4157,15
4158,17
4159,15
4160,6
4161,21
4162,17
4163,12
4164,15
4165,28
4166,4
4167,23
4168,22
4169,16
4170,12
4171,20
4172,8
4173,27
4174,12
4175,15
4176,21
4177,7
4178,24
4179,20
4180,12
4181,3
4182,19
4183,20
4184,6
4185,29
4186,18
4187,27
4188,13
4189,20
4190,26
4191,27
4192,29
4193,18
4194,17
4195,14
4196,27
4197,30
4198,19
4199,24
4200,3
4201,21
4202,28
4203,12
4204,10
4205,18
4206,15
4207,7
4208,21
4209,17
4210,8
4211,6
4212,13
4213,18
4214,29
4215,6
4216,6
4217,18
4218,8
4219,15
4220,6
4221,15
4222,3
4223,16
4224,20
4225,21
4226,5
4227,4
4228,14
4229,18
4230,9
4231,8
4232,19
4233,25
4234,2
4235,29
4236,11
4237,30
4238,12
4239,17
4240,3
4241,21
4242,5
4243,24
4244,11
4245,3
4246,8
4247,16
4248,15
4249,8
4250,2
4251,5
4252,4
4253,29
4254,12
4255,17
4256,5
4257,19
4258,23
4259,21
4260,2
4261,18
4262,27
4263,1
4264,28
4265,22
4266,24
4267,4
4268,21
4269,22
4270,29
4271,28
4272,28
4273,14
4274,13
4275,15
4276,8
4277,26
4278,26
4279,20
4280,16
4281,27
4282,10
4283,20
4284,23
4285,20
4286,16
4287,23
4288,29
4289,26
4290,17
4291,27
4292,13
4293,17
4294,9
4295,11
4296,17
4297,21
4298,7
4299,28
4300,10
4301,13
4302,18
4303,10
4304,8
4305,7
4306,1
4307,23
4308,3
4309,8
4310,1
4311,2
4312,30
4313,29
4314,18
4315,12
4316,8
4317,23
4318,24
4319,5
4320,18
4321,12
4322,27
4323,11
4324,16
4325,3
4326,5
4327,12
4328,9
4329,23
4330,1
4331,20
4332,8
4333,12
4334,17
4335,5
4336,14
4337,25
4338,9
4339,27
4340,17
4341,4
4342,16
4343,3
4344,17
4345,8
4346,22
4347,22
4348,20
4349,11
4350,22
4351,1
4352,26
4353,24
4354,6
4355,20
4356,24
4357,27
4358,27
4359,12
4360,9
4361,28
4362,13
4363,17
4364,14
4365,13
4366,18
4367,7
4368,20
4369,24
4370,14
4371,5
4372,7
4373,25
4374,30
4375,26
4376,20
4377,3
4378,17
4379,27
4380,28
4381,4
4382,12
4383,3
4384,7
4385,21
4386,29
4387,7
4388,17
4389,19
4390,26
4391,5
4392,26
4393,17
4394,7
4395,14
4396,7
4397,7
4398,17
4399,10
4400,26
4401,25
4402,18
4403,30
4404,28
4405,8
4406,21
4407,3
4408,15
4409,15
4410,2
4411,7
4412,20
4413,9
4414,26
4415,14
4416,14
4417,24
4418,10
4419,25
4420,26
4421,5
4422,15
4423,9
4424,1
4425,11
4426,4
4427,11
4428,17
4429,30
4430,10
4431,9
4432,25
4433,26
4434,30
4435,3
4436,18
4437,30
4438,11
4439,28
4440,8
4441,5
4442,26
4443,23
4444,9
4445,26
4446,29
4447,22
4448,30
4449,13
4450,19
4451,21
4452,3
4453,13
4454,21
4455,17
4456,5
4457,3
4458,2
4459,14
4460,14
4461,27
4462,17
4463,8
4464,9
4465,3
4466,20
4467,19
4468,9
4469,8
4470,27
4471,10
4472,30
4473,26
4474,1
4475,4
4476,14
4477,23
4478,10
4479,1
4480,27
4481,18
4482,14
4483,24
4484,11
4485,8
4486,18
4487,7
4488,7
4489,19
4490,9
4491,23
4492,8
4493,9
4494,9
4495,8
4496,29
4497,29
4498,30
4499,22
4500,27
4501,14
4502,28
4503,9
4504,4
4505,22
4506,9
4507,26
4508,30
4509,4
4510,20
4511,1
4512,17
4513,14
4514,18
4515,27
4516,20
4517,8
4518,17
4519,4
4520,4
4521,27
4522,1
4523,24
4524,29
4525,30
4526,16
4527,18
4528,6
4529,13
4530,3
4531,8
4532,27
4533,9
4534,26
4535,26
4536,24
4537,22
4538,2
4539,7
4540,20
4541,3
4542,26
4543,26
4544,10
4545,19
4546,12
4547,22
4548,11
4549,16
4550,25
4551,2
4552,2
4553,4
4554,15
4555,28
4556,16
4557,1
4558,23
4559,27
4560,6
4561,9
4562,4
4563,19
4564,5
4565,29
4566,18
4567,5
4568,20
4569,3
4570,21
4571,9
4572,27
4573,10
4574,9
4575,11
4576,12
4577,4
4578,15
4579,6
4580,14
4581,19
4582,21
4583,21
4584,21
4585,27
4586,14
4587,4
4588,28
4589,13
4590,12
4591,9
4592,6
4593,22
4594,21
4595,14
4596,13
4597,18
4598,14
4599,6
4600,11
4601,24
4602,27
4603,12
4604,27
4605,24
4606,4
4607,27
4608,1
4609,24
4610,21
4611,18
4612,24
4613,25
4614,5
4615,25
4616,26
4617,15
4618,3
4619,4
4620,27
4621,2
4622,3
4623,7
4624,21
4625,14
4626,10
4627,16
4628,20
4629,1
4630,1
4631,27
4632,10
4633,19
4634,29
4635,3
4636,9
4637,16
4638,1
4639,19
4640,16
4641,16
4642,6
4643,13
4644,21
4645,8
4646,22
4647,2
4648,8
4649,8
4650,30
4651,3
4652,5
4653,8
4654,20
4655,17
4656,19
4657,4
4658,6
4659,5
4660,12
4661,24
4662,26
4663,16
4664,24
4665,18
4666,11
4667,27
4668,3
4669,19
4670,8
4671,18
4672,6
4673,12
4674,24
4675,27
4676,7
4677,2
4678,22
4679,29
4680,24
4681,21
4682,5
4683,14
4684,27
4685,29
4686,11
4687,14
4688,4
4689,18
4690,27
4691,18
4692,6
4693,17
4694,29
4695,15
4696,17
4697,17
4698,1
4699,29
4700,27
4701,19
4702,1
4703,13
4704,3
4705,18
4706,24
4707,1
4708,13
4709,19
4710,30
4711,16
4712,24
4713,19
4714,8
4715,27
4716,22
4717,18
4718,30
4719,5
4720,13
4721,5
4722,12
4723,9
4724,14
4725,20
4726,30
4727,18
4728,20
4729,30
4730,27
4731,29
4732,3
4733,24
4734,27
4735,23
4736,17
4737,9
4738,8
4739,7
4740,14
4741,20
4742,2
4743,12
4744,8
4745,21
4746,15
4747,2
4748,29
4749,20
4750,10
4751,10
4752,29
4753,20
4754,12
4755,9
4756,21
4757,29
4758,12
4759,19
4760,9
4761,16
4762,30
4763,6
4764,8
4765,6
4766,16
4767,11
4768,30
4769,30
4770,14
4771,13
4772,24
4773,22
4774,4
4775,16
4776,19
4777,26
4778,30
4779,15
4780,8
4781,29
4782,7
4783,1
4784,15
4785,9
4786,24
4787,8
4788,9
4789,26
4790,22
4791,27
4792,22
4793,8
4794,20
4795,29
4796,4
4797,18
4798,22
4799,11
4800,27
4801,23
4802,18
4803,18
4804,26
4805,2
4806,14
4807,27
4808,25
4809,28
4810,24
4811,30
4812,9
4813,25
4814,24
4815,7
4816,7
4817,1
4818,4
4819,27
4820,26
4821,16
4822,18
4823,13
4824,29
4825,11
4826,4
4827,16
4828,19
4829,11
4830,19
4831,28
4832,14
4833,30
4834,8
4835,3
4836,11
4837,14
4838,22
4839,22
4840,7
4841,19
4842,15
4843,1
4844,25
4845,30
4846,20
4847,1
4848,1
4849,27
4850,5
4851,29
4852,15
4853,15
4854,15
4855,24
4856,23
4857,26
4858,21
4859,17
4860,10
4861,29
4862,24
4863,14
4864,6
4865,11
4866,15
4867,6
4868,2
4869,29
4870,22
4871,4
4872,9
4873,8
4874,28
4875,7
4876,25
4877,7
4878,6
4879,7
4880,1
4881,16
4882,26
4883,17
4884,10
4885,6
4886,18
4887,16
4888,9
4889,13
4890,6
4891,17
4892,25
4893,18
4894,19
4895,22
4896,27
4897,4
4898,21
4899,30
4900,19
4901,13
4902,12
4903,5
4904,18
4905,24
4906,15
4907,28
4908,9
4909,29
4910,11
4911,12
4912,7
4913,25
4914,7
4915,20
4916,16
4917,20
4918,30
4919,23
4920,9
4921,20
4922,3
4923,21
4924,14
4925,25
4926,28
4927,13
4928,23
4929,26
4930,12
4931,12
4932,18
4933,25
4934,27
4935,17
4936,6
4937,6
4938,26
4939,30
4940,2
4941,4
4942,18
4943,20
4944,15
4945,11
4946,27
4947,28
4948,19
4949,30
4950,21
4951,2
4952,13
4953,28
4954,13
4955,22
4956,14
4957,23
4958,16
4959,17
4960,26
4961,4
4962,10
4963,14
4964,18
4965,15
4966,8
4967,26
4968,11
4969,1
4970,10
4971,28
4972,20
4973,28
4974,23
4975,6
4976,3
4977,22
4978,6
4979,19
4980,23
4981,24
4982,24
4983,27
4984,15
4985,11
4986,25
4987,11
4988,25
4989,20
4990,2
4991,1
4992,15
4993,18
4994,22
4995,16
4996,22
4997,6
4998,9
4999,8
5000,17
5001,21
5002,29
5003,11
5004,1
5005,17
5006,13
5007,11
5008,22
5009,26
5010,29
5011,21
5012,4
5013,2
5014,27
5015,27
5016,15
5017,28
5018,3
5019,27
5020,12
5021,30
5022,5
5023,1
5024,29
5025,9
5026,6
5027,10
5028,24
5029,8
5030,20
5031,1
5032,3
5033,19
5034,30
5035,18
5036,30
5037,26
5038,8
5039,22
5040,11
5041,28
5042,26
5043,19
5044,13
5045,16
5046,2
5047,7
5048,30
5049,15
5050,5
5051,1
5052,20
5053,2
5054,24
5055,8
5056,17
5057,13
5058,17
5059,14
5060,9
5061,9
5062,19
5063,30
5064,27
5065,17
5066,3
5067,14
5068,11
5069,27
5070,26
5071,20
5072,22
5073,30
5074,25
5075,28
5076,16
5077,21
5078,4
5079,27
5080,12
5081,23
5082,14
5083,8
5084,18
5085,24
5086,24
5087,29
5088,3
5089,30
5090,2
5091,24
5092,15
5093,12
5094,20
5095,2
5096,30
5097,30
5098,9
5099,8
5100,30
5101,22
5102,22
5103,9
5104,12
5105,23
5106,25
5107,21
5108,8
5109,21
5110,13
5111,15
5112,1
5113,22
5114,29
5115,2
5116,27
5117,13
5118,14
5119,17
5120,7
5121,10
5122,28
5123,18
5124,14
5125,12
5126,18
5127,28
5128,1
5129,11
5130,21
5131,23
5132,25
5133,12
5134,21
5135,9
5136,16
5137,7
5138,26
5139,17
5140,30
5141,13
5142,23
5143,30
5144,12
5145,26
5146,14
5147,12
5148,19
5149,30
5150,1
5151,22
5152,9
5153,26
5154,27
5155,8
5156,15
5157,25
5158,28
5159,22
5160,24
5161,12
5162,2
5163,9
5164,30
5165,3
5166,19
5167,1
5168,5
5169,24
5170,17
5171,28
5172,15
5173,9
5174,26
5175,24
5176,16
5177,13
5178,12
5179,12
5180,15
5181,7
5182,18
5183,20
5184,6
5185,30
5186,4
5187,20
5188,1
5189,7
5190,25
5191,7
5192,25
5193,6
5194,1
5195,19
5196,2
5197,12
5198,5
5199,17
5200,28
5201,11
5202,16
5203,18
5204,16
5205,3
5206,29
5207,27
5208,27
5209,15
5210,3
5211,12
5212,7
5213,26
5214,29
5215,10
5216,23
5217,3
5218,9
5219,27
5220,21
5221,16
5222,25
5223,6
5224,27
5225,13
5226,26
5227,15
5228,29
5229,4
5230,4
5231,2
5232,22
5233,27
5234,17
5235,30
5236,2
5237,24
5238,11
5239,3
5240,2
5241,5
5242,8
5243,9
5244,28
5245,18
5246,17
5247,19
5248,12
5249,14
5250,13
5251,26
5252,25
5253,18
5254,9
5255,9
5256,1
5257,27
5258,15
5259,23
5260,24
5261,26
5262,27
5263,12
5264,12
5265,8
5266,14
5267,14
5268,7
5269,8
5270,12
5271,24
5272,27
5273,26
5274,13
5275,29
5276,10
5277,15
5278,27
5279,23
5280,5
5281,30
5282,30
5283,23
5284,24
5285,16
5286,1
5287,19
5288,15
5289,26
5290,3
5291,26
5292,27
5293,10
5294,13
5295,20
5296,20
5297,2
5298,2
5299,26
5300,28
5301,8
5302,3
5303,3
5304,20
5305,30
5306,8
5307,24
5308,18
5309,3
5310,22
5311,26
5312,30
5313,22
5314,16
5315,23
5316,4
5317,7
5318,2
5319,8
5320,30
5321,1
5322,30
5323,4
5324,19
5325,27
5326,26
5327,19
5328,27
5329,27
5330,18
5331,25
5332,27
5333,6
5334,3
5335,11
5336,10
5337,12
5338,17
5339,26
5340,22
5341,25
5342,12
5343,10
5344,3
5345,30
5346,9
5347,28
5348,15
5349,24
5350,8
5351,4
5352,26
5353,13
5354,4
5355,25
5356,11
5357,1
5358,15
5359,11
5360,16
5361,19
5362,8
5363,28
5364,20
5365,19
5366,19
5367,12
5368,9
5369,9
5370,18
5371,15
5372,6
5373,16
5374,12
5375,6
5376,29
5377,13
5378,27
5379,10
5380,19
5381,17
5382,11
5383,7
5384,2
5385,7
5386,17
5387,17
5388,27
5389,5
5390,2
5391,27
5392,9
5393,18
5394,24
5395,2
5396,9
5397,9
5398,27
5399,14
5400,27
5401,29
5402,28
5403,10
5404,7
5405,1
5406,9
5407,30
5408,11
5409,15
5410,17
5411,22
5412,5
5413,8
5414,8
5415,13
5416,17
5417,29
5418,22
5419,27
5420,4
5421,18
5422,14
5423,13
5424,3
5425,7
5426,19
5427,15
5428,20
5429,14
5430,15
5431,28
5432,5
5433,3
5434,23
5435,25
5436,24
5437,4
5438,24
5439,25
5440,18
5441,26
5442,24
5443,27
5444,4
5445,30
5446,14
5447,6
5448,25
5449,21
5450,3
5451,8
5452,11
5453,10
5454,21
5455,16
5456,30
5457,27
5458,8
5459,27
5460,29
5461,11
5462,6
5463,20
5464,12
5465,4
5466,8
5467,23
5468,8
5469,10
5470,15
5471,26
5472,6
5473,9
5474,11
5475,5
5476,21
5477,14
5478,10
5479,12
5480,28
5481,29
5482,9
5483,7
5484,3
5485,5
5486,28
5487,27
5488,14
5489,11
5490,18
5491,7
5492,30
5493,13
5494,29
5495,14
5496,28
5497,15
5498,9
5499,23
5500,15
5501,1
5502,7
5503,6
5504,1
5505,18
5506,2
5507,27
5508,28
5509,25
5510,26
5511,26
5512,15
5513,7
5514,13
5515,5
5516,24
5517,15
5518,1
5519,1
5520,8
5521,10
5522,24
5523,19
5524,24
5525,17
5526,3
5527,23
5528,11
5529,29
5530,22
5531,11
5532,23
5533,4
5534,19
5535,12
5536,15
5537,23
5538,22
5539,29
5540,26
5541,2
5542,3
5543,7
5544,24
5545,16
5546,16
5547,17
5548,30
5549,18
5550,12
5551,20
5552,4
5553,7
5554,16
5555,14
5556,9
5557,2
5558,29
5559,1
5560,4
5561,23
5562,30
5563,27
5564,26
5565,29
5566,29
5567,11
5568,30
5569,28
5570,18
5571,16
5572,22
5573,16
5574,12
5575,2
5576,7
5577,30
5578,30
5579,19
5580,20
5581,23
5582,4
5583,26
5584,19
5585,17
5586,27
5587,30
5588,8
5589,1
5590,22
5591,5
5592,30
5593,16
5594,19
5595,21
5596,28
5597,17
5598,7
5599,7
5600,25
5601,3
5602,16
5603,7
5604,12
5605,27
5606,2
5607,10
5608,7
5609,30
5610,5
5611,28
5612,22
5613,5
5614,18
5615,5
5616,10
5617,10
5618,18
5619,24
5620,8
5621,6
5622,27
5623,2
5624,22
5625,17
5626,29
5627,1
5628,30
5629,25
5630,11
5631,20
5632,13
5633,26
5634,11
5635,9
5636,29
5637,14
5638,27
5639,26
5640,27
5641,11
5642,15
5643,22
5644,8
5645,27
5646,23
5647,14
5648,29
5649,27
5650,20
5651,14
5652,12
5653,26
5654,10
5655,26
5656,22
5657,21
5658,27
5659,12
5660,9
5661,5
5662,23
5663,6
5664,29
5665,17
5666,16
5667,7
5668,3
5669,22
5670,20
5671,23
5672,5
5673,5
5674,27
5675,15
5676,18
5677,29
5678,7
5679,16
5680,23
5681,28
5682,27
5683,7
5684,1
5685,17
5686,29
5687,11
5688,25
5689,22
5690,14
5691,11
5692,1
5693,22
5694,11
5695,14
5696,12
5697,26
5698,27
5699,12
5700,6
5701,22
5702,9
5703,26
5704,2
5705,22
5706,3
5707,23
5708,12
5709,1
5710,23
5711,27
5712,24
5713,21
5714,20
5715,12
5716,11
5717,25
5718,19
5719,29
5720,9
5721,19
5722,24
5723,15
5724,9
5725,1
5726,16
5727,24
5728,19
5729,20
5730,24
5731,30
5732,5
5733,20
5734,23
5735,10
5736,3
5737,14
5738,30
5739,15
5740,20
5741,8
5742,15
5743,11
5744,5
5745,20
5746,17
5747,4
5748,9
5749,21
5750,5
5751,12
5752,25
5753,12
5754,15
5755,14
5756,15
5757,4
5758,30
5759,5
5760,23
5761,18
5762,13
5763,17
5764,1
5765,7
5766,14
5767,18
5768,23
5769,28
5770,30
5771,1
5772,2
5773,15
5774,29
5775,23
5776,12
5777,6
5778,3
5779,12
5780,23
5781,5
5782,7
5783,29
5784,9
5785,7
5786,7
5787,8
5788,12
5789,17
5790,22
5791,27
5792,27
5793,5
5794,16
5795,24
5796,6
5797,29
5798,20
5799,25
5800,16
5801,16
5802,14
5803,18
5804,29
5805,5
5806,23
5807,7
5808,19
5809,15
5810,4
5811,16
5812,8
5813,29
5814,15
5815,26
5816,8
5817,2
5818,18
5819,7
5820,19
5821,28
5822,20
5823,16
5824,18
5825,1
5826,10
5827,27
5828,27
5829,25
5830,6
5831,10
5832,27
5833,22
5834,6
5835,12
5836,16
5837,19
5838,8
5839,12
5840,22
5841,19
5842,24
5843,24
5844,10
5845,16
5846,28
5847,11
5848,5
5849,5
5850,18
5851,14
5852,27
5853,30
5854,24
5855,4
5856,20
5857,4
5858,14
5859,3
5860,26
5861,10
5862,22
5863,6
5864,13
5865,3
5866,14
5867,12
5868,8
5869,20
5870,15
5871,22
5872,12
5873,2
5874,26
5875,25
5876,9
5877,18
5878,18
5879,28
5880,9
5881,13
5882,28
5883,24
5884,23
5885,23
5886,30
5887,26
5888,14
5889,7
5890,23
5891,19
5892,27
5893,12
5894,14
5895,14
5896,15
5897,2
5898,13
5899,7
5900,26
5901,26
5902,8
5903,16
5904,26
5905,8
5906,28
5907,17
5908,28
5909,14
5910,17
5911,20
5912,19
5913,5
5914,28
5915,27
5916,27
5917,2
5918,16
5919,7
5920,28
5921,13
5922,27
5923,27
5924,14
5925,26
5926,22
5927,18
5928,22
5929,28
5930,11
5931,12
5932,27
5933,30
5934,17
5935,20
5936,27
5937,16
5938,20
5939,20
5940,6
5941,6
5942,24
5943,18
5944,29
5945,30
5946,27
5947,9
5948,28
5949,27
5950,10
5951,13
5952,17
5953,5
5954,14
5955,16
5956,12
5957,10
5958,14
5959,28
5960,30
5961,22
5962,14
5963,21
5964,4
5965,16
5966,21
5967,1
5968,29
5969,16
5970,18
5971,17
5972,14
5973,8
5974,10
5975,17
5976,12
5977,27
5978,20
5979,7
5980,12
5981,19
5982,28
5983,7
5984,4
5985,2
5986,18
5987,23
5988,2
5989,28
5990,25
5991,29
5992,21
5993,22
5994,19
5995,30
5996,26
5997,28
5998,9
5999,21
6000,28
6001,23
6002,23
6003,7
6004,15
6005,24
6006,7
6007,6
6008,5
6009,13
6010,15
6011,26
6012,1
6013,22
6014,26
6015,28
6016,2
6017,27
6018,27
6019,27
6020,6
6021,14
6022,15
6023,14
6024,4
6025,23
6026,20
6027,15
6028,29
6029,20
6030,29
6031,14
6032,26
6033,20
6034,16
6035,21
6036,16
6037,29
6038,15
6039,24
6040,5
6041,13
6042,22
6043,27
6044,17
6045,1
6046,6
6047,3
6048,20
6049,27
6050,18
6051,5
6052,15
6053,10
6054,5
6055,24
6056,20
6057,9
6058,27
6059,2
6060,22
6061,1
6062,3
6063,14
6064,4
6065,9
6066,7
6067,18
6068,2
6069,26
6070,4
6071,26
6072,11
6073,29
6074,23
6075,10
6076,15
6077,28
6078,20
6079,19
6080,26
6081,15
6082,11
6083,28
6084,20
6085,20
6086,10
6087,18
6088,10
6089,5
6090,13
6091,13
6092,19
6093,22
6094,6
6095,24
6096,5
6097,16
6098,13
6099,13
6100,20
6101,6
6102,2
6103,19
6104,25
6105,2
6106,14
6107,11
6108,2
6109,22
6110,19
6111,23
6112,22
6113,4
6114,23
6115,20
6116,19
6117,3
6118,29
6119,26
6120,10
6121,3
6122,3
6123,23
6124,30
6125,27
6126,28
6127,8
6128,24
6129,16
6130,25
6131,14
6132,16
6133,13
6134,15
6135,30
6136,17
6137,21
6138,2
6139,19
6140,3
6141,20
6142,15
6143,15
6144,6
6145,8
6146,28
6147,24
6148,28
6149,27
6150,22
6151,9
6152,16
6153,26
6154,17
6155,22
6156,13
6157,7
6158,6
6159,9
6160,18
6161,14
6162,1
6163,3
6164,27
6165,12
6166,7
6167,16
6168,18
6169,12
6170,4
6171,25
6172,23
6173,27
6174,27
6175,9
6176,13
6177,30
6178,11
6179,27
6180,8
6181,25
6182,18
6183,5
6184,30
6185,4
6186,24
6187,7
6188,28
6189,5
6190,18
6191,11
6192,14
6193,17
6194,22
6195,10
6196,22
6197,25
6198,30
6199,24
6200,3
6201,18
6202,1
6203,7
6204,30
6205,22
6206,1
6207,18
6208,9
6209,8
6210,15
6211,1
6212,24
6213,20
6214,18
6215,20
6216,2
6217,23
6218,9
6219,27
6220,5
6221,30
6222,9
6223,7
6224,11
6225,15
6226,13
6227,8
6228,15
6229,16
6230,5
6231,6
6232,26
6233,6
6234,13
6235,14
6236,1
6237,12
6238,24
6239,6
6240,9
6241,14
6242,3
6243,9
6244,23
6245,23
6246,4
6247,14
6248,11
6249,15
6250,1
6251,6
6252,14
6253,5
6254,9
6255,8
6256,16
6257,30
6258,25
6259,18
6260,19
6261,20
6262,18
6263,16
6264,23
6265,21
6266,14
6267,27
6268,19
6269,19
6270,9
6271,7
6272,16
6273,12
6274,2
6275,18
6276,17
6277,27
6278,29
6279,29
6280,14
6281,29
6282,16
6283,6
6284,26
6285,14
6286,22
6287,14
6288,7
6289,18
6290,13
6291,30
6292,12
6293,2
6294,11
6295,8
6296,24
6297,26
6298,20
6299,27
6300,9
6301,11
6302,12
6303,18
6304,8
6305,27
6306,27
6307,11
6308,20
6309,22
6310,17
6311,27
6312,30
6313,2
6314,7
6315,23
6316,13
6317,28
6318,19
6319,14
6320,16
6321,15
6322,23
6323,26
6324,30
6325,1
6326,5
6327,23
6328,25
6329,24
6330,26
6331,3
6332,30
6333,23
6334,4
6335,4
6336,21
6337,6
6338,20
6339,30
6340,26
6341,14
6342,25
6343,8
6344,25
6345,8
6346,9
6347,12
6348,8
6349,24
6350,19
6351,9
6352,18
6353,17
6354,24
6355,5
6356,21
6357,1
6358,19
6359,26
6360,29
6361,19
6362,8
6363,24
6364,6
6365,17
6366,7
6367,28
6368,7
6369,25
6370,2
6371,9
6372,20
6373,23
6374,17
6375,14
6376,3
6377,10
6378,20
6379,30
6380,18
6381,13
6382,2
6383,3
6384,21
6385,26
6386,14
6387,27
6388,20
6389,8
6390,20
6391,25
6392,5
6393,12
6394,28
6395,27
6396,11
6397,4
6398,24
6399,3
6400,22
6401,1
6402,27
6403,17
6404,10
6405,8
6406,13
6407,28
6408,30
6409,18
6410,26
6411,20
6412,14
6413,19
6414,12
6415,24
6416,9
6417,8
6418,20
6419,30
6420,5
6421,8
6422,18
6423,17
6424,21
6425,8
6426,12
6427,21
6428,24
6429,6
6430,3
6431,23
6432,6
6433,5
6434,30
6435,18
6436,8
6437,29
6438,9
6439,19
6440,22
6441,3
6442,24
6443,7
6444,8
6445,14
6446,10
6447,27
6448,25
6449,28
6450,30
6451,11
6452,27
6453,20
6454,23
6455,29
6456,7
6457,8
6458,14
6459,12
6460,14
6461,30
6462,11
6463,11
6464,23
6465,19
6466,23
6467,8
6468,8
6469,22
6470,26
6471,11
6472,27
6473,20
6474,8
6475,15
6476,11
6477,22
6478,25
6479,20
6480,21
6481,2
